date,post_count
2014062107,36
2014062108,48
2014062109,60
2014062109,64
2014062111,70
2014062111,72
2014062112,81
2014062113,83
2014062114,85
2014062115,93
2014062116,95
2014062117,97
2014062118,98
2014062120,100
2014062120,100
2014062121,101
2014062123,102
2014062123,102
2014062201,105
2014062201,105
2014062203,109
2014062205,112
2014062205,113
2014062207,115
2014062207,116
2014062209,119
2014062210,119
2014062211,119
2014062212,120
2014062212,120
2014062213,122
2014062215,123
2014062215,123
2014062217,169
2014062217,167
2014062219,168
2014062221,168
2014062221,168
2014062223,169
2014062223,171
2014062301,174
2014062303,175
2014062305,178
2014062307,179
2014062308,179
2014062308,179
2014062309,180
2014062311,180
2014062312,181
2014062313,181
2014062314,181
2014062315,181
2014062316,181
2014062316,181
2014062318,180
2014062319,180
2014062320,181
2014062322,181
2014062323,181
2014062400,181
2014062401,181
2014062402,181
2014062403,181
2014062404,181
2014062405,181
2014062406,181
2014062407,181
2014062409,181
2014062410,181
2014062411,181
2014062412,181
2014062413,181
2014062414,181
2014062415,181
2014062417,182
2014062418,182
2014062419,182
2014062421,182
2014062422,182
2014062423,182
2014062423,182
2014062501,182
2014062501,182
2014062503,182
2014062503,182
2014062505,182
2014062505,182
2014062507,182
2014062507,182
2014062509,182
2014062509,182
2014062511,182
2014062512,182
2014062513,182
2014062514,182
2014062515,182
2014062516,182
2014062517,182
2014062518,182
2014062519,182
2014062520,182
2014062521,182
2014062521,182
2014062523,182
2014062601,182
2014062601,182
2014062603,182
2014062605,182
2014062605,182
2014062607,182
2014062608,182
2014062609,182
2014062610,182
2014062611,182
2014062612,182
2014062613,182
2014062615,182
2014062617,182
2014062617,182
2014062619,182
2014062621,182
2014062622,182
2014062623,182
2014062700,182
2014062701,182
2014062702,182
2014062703,182
2014062703,182
2014062705,182
2014062707,182
2014062709,182
2014062709,182
2014062711,182
2014062713,182
2014062713,182
2014062715,182
2014062715,182
2014062717,182
2014062717,182
2014062719,182
2014062720,182
2014062721,182
2014062722,182
2014062800,182
2014062801,182
2014062801,182
2014062803,182
2014062803,182
2014062805,182
2014062805,182
2014062807,182
2014062807,182
2014062809,182
2014062809,182
2014062811,182
2014062812,182
2014062813,182
2014062813,182
2014062815,182
2014062815,182
2014062817,182
2014062819,182
2014062820,182
2014062821,182
2014062821,182
2014062823,182
2014062901,182
2014062901,182
2014062903,182
2014062903,182
2014062905,182
2014062908,182
2014062909,183
2014062909,183
2014062911,183
2014062912,183
2014062913,183
2014062914,183
2014062915,183
2014062916,183
2014062917,183
2014062919,183
2014062921,183
2014062922,183
2014062923,183
2014062923,183
2014063001,183
2014063001,184
2014063003,184
2014063003,184
2014063005,184
2014063007,184
2014063008,184
2014063009,184
2014063009,184
2014063011,184
2014063013,184
2014063014,184
2014063015,184
2014063015,184
2014063017,184
2014063017,184
2014063019,184
2014063021,184
2014063022,184
2014063023,184
2014070100,184
2014070101,184
2014070102,184
2014070103,184
2014070104,184
2014070105,184
2014070106,184
2014070107,184
2014070108,184
2014070109,184
2014070110,184
2014070111,184
2014070112,184
2014070113,184
2014070114,184
2014070115,184
2014070117,184
2014070118,184
2014070119,184
2014070121,184
2014070200,184
2014070200,184
2014070201,184
2014070202,184
2014070203,184
2014070204,184
2014070207,184
2014070211,184
2014070212,184
2014070214,184
2014070214,184
2014070216,184
2014070217,184
2014070218,184
2014070219,184
2014070220,184
2014070221,184
2014070222,184
2014070223,184
2014070301,184
2014070302,184
2014070303,184
2014070304,184
2014070305,184
2014070306,184
2014070307,184
2014070308,184
2014070309,184
2014070310,184
2014070311,184
2014070312,184
2014070313,184
2014070314,184
2014070315,184
2014070316,184
2014070317,184
2014070318,184
2014070319,184
2014070320,184
2014070321,184
2014070322,184
2014070323,184
2014070400,184
2014070401,184
2014070402,184
2014070403,184
2014070404,184
2014070405,184
2014070406,185
2014070407,185
2014070408,185
2014070409,185
2014070410,185
2014070411,185
2014070412,185
2014070413,185
2014070414,185
2014070415,185
2014070416,185
2014070417,185
2014070418,185
2014070419,185
2014070420,185
2014070421,185
2014070422,185
2014070423,185
2014070500,185
2014070501,185
2014070502,185
2014070502,185
2014070503,185
2014070504,185
2014070505,185
2014070506,185
2014070508,185
2014070508,185
2014070510,185
2014070510,185
2014070512,185
2014070512,185
2014070514,185
2014070515,185
2014070515,185
2014070517,185
2014070518,185
2014070521,185
2014070522,185
2014070600,185
2014070601,185
2014070602,185
2014070602,185
2014070604,185
2014070606,185
2014070608,185
2014070608,185
2014070610,185
2014070611,185
2014070612,185
2014070613,185
2014070614,185
2014070615,185
2014070617,185
2014070700,185
2014070700,185
2014070701,185
2014070702,185
2014070703,185
2014070704,185
2014070706,185
2014070707,185
2014070708,185
2014070708,185
2014070710,185
2014070711,185
2014070712,185
2014070714,185
2014070715,185
2014070716,185
2014070717,185
2014070718,185
2014070719,185
2014070720,185
2014070721,185
2014070722,185
2014070723,185
2014070800,185
2014070801,187
2014070802,190
2014070803,190
2014070805,190
2014070806,190
2014070808,191
2014070808,191
2014070809,191
2014070810,191
2014070811,191
2014070812,191
2014070813,191
2014070814,191
2014070816,191
2014070817,191
2014070818,191
2014070819,191
2014070820,191
2014070821,191
2014070822,191
2014070823,191
2014070900,191
2014070901,191
2014070902,191
2014070903,191
2014070904,191
2014070905,191
2014070906,191
2014070907,191
2014070908,191
2014070909,191
2014070910,191
2014070911,191
2014070912,191
2014070913,191
2014070914,191
2014070915,191
2014070916,191
2014070917,191
2014070918,191
2014070919,191
2014070921,191
2014070922,191
2014070923,191
2014071001,191
2014071002,191
2014071003,191
2014071004,191
2014071005,191
2014071006,191
2014071007,191
2014071008,191
2014071010,191
2014071011,191
2014071012,191
2014071013,191
2014071014,191
2014071015,191
2014071016,191
2014071017,191
2014071018,191
2014071019,191
2014071020,191
2014071021,191
2014071022,191
2014071023,191
2014071100,191
2014071101,191
2014071102,191
2014071103,191
2014071104,191
2014071105,191
2014071106,191
2014071107,191
2014071108,191
2014071109,191
2014071110,191
2014071111,191
2014071112,191
2014071113,191
2014071114,191
2014071115,191
2014071116,191
2014071117,191
2014071118,191
2014071120,191
2014071121,191
2014071123,191
2014071200,191
2014071201,191
2014071202,191
2014071203,191
2014071204,191
2014071205,191
2014071206,191
2014071207,191
2014071208,191
2014071209,191
2014071210,191
2014071211,191
2014071212,191
2014071213,191
2014071215,191
2014071216,191
2014071217,191
2014071218,191
2014071219,191
2014071221,191
2014071222,191
2014071223,191
2014071300,191
2014071301,191
2014071302,191
2014071303,191
2014071304,191
2014071305,191
2014071306,191
2014071307,191
2014071308,191
2014071309,191
2014071310,191
2014071311,191
2014071312,191
2014071313,191
2014071314,191
2014071315,191
2014071316,191
2014071317,191
2014071319,191
2014071320,191
2014071321,191
2014071322,191
2014071323,191
2014071400,191
2014071401,191
2014071402,191
2014071403,191
2014071404,191
2014071405,191
2014071406,191
2014071407,191
2014071408,191
2014071409,191
2014071410,191
2014071411,191
2014071412,191
2014071413,191
2014071414,191
2014071415,191
2014071416,191
2014071417,191
2014071418,191
2014071419,191
2014071421,191
2014071422,191
2014071423,191
2014071500,191
2014071501,191
2014071502,191
2014071503,191
2014071504,191
2014071505,191
2014071506,191
2014071507,191
2014071508,191
2014071509,191
2014071510,191
2014071511,191
2014071512,191
2014071513,191
2014071514,191
2014071515,191
2014071516,191
2014071517,191
2014071518,191
2014071519,191
2014071520,191
2014071521,191
2014071522,191
2014071523,191
2014071600,191
2014071601,191
2014071602,191
2014071603,191
2014071604,191
2014071605,191
2014071606,191
2014071607,191
2014071608,191
2014071609,191
2014071610,191
2014071611,191
2014071612,191
2014071613,191
2014071614,191
2014071615,191
2014071616,191
2014071617,191
2014071618,191
2014071619,191
2014071620,191
2014071621,191
2014071622,191
2014071623,191
2014071700,191
2014071701,191
2014071702,191
2014071703,191
2014071704,191
2014071705,191
2014071706,191
2014071707,191
2014071708,191
2014071709,191
2014071710,191
2014071711,191
2014071712,191
2014071713,191
2014071714,191
2014071715,191
2014071716,191
2014071717,191
2014071718,191
2014071719,191
2014071720,191
2014071721,191
2014071722,191
2014071723,191
2014071800,191
2014071801,191
2014071802,191
2014071803,191
2014071804,191
2014071805,191
2014071807,191
2014071808,191
2014071809,191
2014071810,191
2014071811,191
2014071812,191
2014071815,191
2014071816,191
2014071817,191
2014071818,191
2014071819,191
2014071821,191
2014071822,191
2014071823,191
2014071900,191
2014071901,191
2014071902,191
2014071903,191
2014071904,191
2014071905,191
2014071906,191
2014071907,191
2014071908,191
2014071909,191
2014071910,191
2014071911,191
2014071913,191
2014071914,191
2014071915,191
2014071917,191
2014071918,191
2014071920,191
2014071921,191
2014071922,191
2014071923,191
2014072000,191
2014072001,191
2014072002,191
2014072003,191
2014072004,191
2014072005,191
2014072006,191
2014072007,191
2014072008,191
2014072009,191
2014072010,191
2014072011,191
2014072012,191
2014072013,191
2014072014,191
2014072015,191
2014072016,191
2014072017,191
2014072019,191
2014072020,191
2014072022,191
2014072023,191
2014072100,191
2014072101,191
2014072102,191
2014072103,191
2014072104,191
2014072105,191
2014072106,191
2014072107,191
2014072108,191
2014072109,191
2014072110,191
2014072111,191
2014072112,191
2014072113,191
2014072114,191
2014072115,191
2014072116,191
2014072117,191
2014072118,191
2014072119,191
2014072120,191
2014072121,191
2014072122,191
2014072123,191
2014072200,191
2014072201,191
2014072202,191
2014072203,191
2014072204,191
2014072205,191
2014072206,191
2014072207,191
2014072208,191
2014072209,191
2014072210,191
2014072211,191
2014072212,191
2014072213,191
2014072214,191
2014072215,191
2014072216,190
2014072217,190
2014072218,190
2014072219,190
2014072220,190
2014072221,190
2014072222,190
2014072223,190
2014072300,190
2014072301,190
2014072302,190
2014072303,190
2014072305,190
2014072306,190
2014072307,190
2014072308,190
2014072309,190
2014072311,190
2014072312,190
2014072313,190
2014072314,190
2014072315,190
2014072316,190
2014072317,190
2014072318,190
2014072319,190
2014072320,190
2014072321,190
2014072322,190
2014072323,190
2014072400,190
2014072401,190
2014072402,190
2014072403,190
2014072404,190
2014072405,190
2014072406,190
2014072407,190
2014072408,190
2014072409,190
2014072410,190
2014072411,190
2014072412,190
2014072413,190
2014072414,190
2014072415,190
2014072417,190
2014072418,190
2014072419,190
2014072421,190
2014072422,190
2014072423,190
2014072500,190
2014072501,190
2014072502,190
2014072503,190
2014072504,190
2014072505,190
2014072506,190
2014072507,190
2014072508,190
2014072509,190
2014072511,190
2014072512,190
2014072513,190
2014072514,190
2014072516,190
2014072517,190
2014072519,190
2014072520,190
2014072521,190
2014072522,190
2014072523,190
2014072600,190
2014072601,190
2014072602,190
2014072603,190
2014072604,190
2014072605,190
2014072606,190
2014072607,190
2014072608,190
2014072609,190
2014072610,190
2014072611,190
2014072612,190
2014072613,190
2014072614,190
2014072615,190
2014072616,190
2014072617,190
2014072618,190
2014072619,190
2014072621,190
2014072622,190
2014072623,190
2014072700,190
2014072702,190
2014072703,190
2014072704,190
2014072705,190
2014072706,190
2014072707,190
2014072708,190
2014072709,190
2014072710,190
2014072711,190
2014072712,190
2014072713,190
2014072714,190
2014072715,190
2014072716,190
2014072717,190
2014072718,190
2014072719,190
2014072721,190
2014072722,190
2014072723,190
2014072800,190
2014072801,190
2014072802,190
2014072803,190
2014072804,190
2014072805,190
2014072806,190
2014072807,190
2014072808,190
2014072809,190
2014072810,190
2014072811,190
2014072812,190
2014072813,190
2014072814,190
2014072815,190
2014072816,190
2014072817,190
2014072818,190
2014072819,190
2014072820,190
2014072821,190
2014072822,190
2014072823,190
2014072900,190
2014072901,190
2014072902,190
2014072903,190
2014072904,190
2014072905,190
2014072906,190
2014072908,190
2014072909,190
2014072910,190
2014072911,190
2014072912,190
2014072913,190
2014072914,190
2014072915,190
2014072916,190
2014072917,190
2014072918,190
2014072919,190
2014072920,190
2014072921,190
2014072922,190
2014072923,190
2014073000,190
2014073002,190
2014073003,190
2014073004,190
2014073005,190
2014073006,190
2014073007,190
2014073008,190
2014073009,190
2014073010,190
2014073011,190
2014073012,190
2014073013,190
2014073015,190
2014073016,190
2014073017,190
2014073018,190
2014073019,190
2014073020,190
2014073021,190
2014073022,190
2014073023,190
2014073100,190
2014073101,190
2014073102,190
2014073103,190
2014073105,190
2014073106,190
2014073107,190
2014073108,190
2014073109,190
2014073110,190
2014073111,190
2014073112,190
2014073113,190
2014073114,190
2014073115,190
2014073116,190
2014073117,190
2014073118,190
2014073119,190
2014073120,190
2014073121,190
2014073122,190
2014073123,190
2014080100,190
2014080101,190
2014080102,190
2014080104,190
2014080105,190
2014080106,190
2014080107,190
2014080108,190
2014080109,190
2014080110,190
2014080111,190
2014080112,190
2014080114,190
2014080115,190
2014080119,190
2014080120,190
2014080121,190
2014080122,190
2014080123,190
2014080200,190
2014080201,190
2014080202,190
2014080204,190
2014080205,190
2014080206,190
2014080207,190
2014080208,190
2014080209,190
2014080210,190
2014080211,190
2014080212,190
2014080213,190
2014080214,190
2014080215,190
2014080216,190
2014080217,190
2014080218,190
2014080219,190
2014080220,190
2014080221,190
2014080222,190
2014080223,190
2014080300,190
2014080301,190
2014080302,190
2014080303,190
2014080304,190
2014080305,190
2014080306,190
2014080307,190
2014080308,190
2014080309,190
2014080310,190
2014080311,190
2014080312,190
2014080313,190
2014080314,190
2014080315,190
2014080316,190
2014080317,190
2014080318,190
2014080319,190
2014080321,190
2014080322,190
2014080323,190
2014080400,190
2014080401,190
2014080402,190
2014080403,190
2014080404,190
2014080405,190
2014080406,190
2014080407,190
2014080408,190
2014080409,190
2014080410,190
2014080411,190
2014080412,190
2014080413,190
2014080414,190
2014080415,190
2014080416,190
2014080417,190
2014080418,190
2014080419,190
2014080420,190
2014080421,190
2014080422,190
2014080423,190
2014080500,190
2014080501,190
2014080502,190
2014080503,190
2014080504,190
2014080505,190
2014080506,190
2014080507,190
2014080508,190
2014080509,190
2014080510,190
2014080511,190
2014080512,190
2014080513,190
2014080514,190
2014080515,190
2014080516,190
2014080517,190
2014080518,190
2014080519,190
2014080520,190
2014080521,190
2014080522,190
2014080523,190
2014080600,190
2014080601,190
2014080602,190
2014080603,190
2014080604,190
2014080605,190
2014080606,190
2014080607,190
2014080608,190
2014080609,190
2014080610,190
2014080611,190
2014080612,190
2014080613,190
2014080614,190
2014080615,190
2014080616,190
2014080617,190
2014080618,190
2014080619,190
2014080620,190
2014080621,190
2014080622,190
2014080623,190
2014080700,190
2014080701,190
2014080702,190
2014080703,190
2014080704,190
2014080705,190
2014080706,190
2014080707,190
2014080710,190
2014080711,190
2014080712,190
2014080713,190
2014080714,190
2014080715,190
2014080716,190
2014080717,190
2014080718,190
2014080719,190
2014080720,190
2014080722,190
2014080723,190
2014080800,190
2014080801,190
2014080802,190
2014080803,190
2014080804,190
2014080805,190
2014080806,190
2014080807,190
2014080808,190
2014080809,190
2014080810,190
2014080811,190
2014080812,190
2014080813,190
2014080814,190
2014080815,190
2014080816,190
2014080817,190
2014080818,190
2014080819,190
2014080820,190
2014080821,190
2014080822,190
2014080823,190
2014080900,190
2014080901,190
2014080902,190
2014080903,190
2014080904,190
2014080905,190
2014080906,190
2014080907,190
2014080908,190
2014080909,190
2014080910,190
2014080911,190
2014080912,190
2014080913,190
2014080914,190
2014080915,190
2014080916,190
2014080917,190
2014080918,190
2014080919,190
2014080920,190
2014080921,190
2014080922,190
2014080923,190
2014081000,190
2014081001,190
2014081002,190
2014081003,190
2014081004,190
2014081005,190
2014081006,190
2014081007,190
2014081008,190
2014081009,190
2014081010,190
2014081011,190
2014081012,190
2014081013,190
2014081014,190
2014081015,190
2014081016,190
2014081017,190
2014081018,190
2014081019,190
2014081020,190
2014081021,190
2014081022,190
2014081023,190
2014081100,190
2014081101,190
2014081102,190
2014081103,190
2014081104,190
2014081105,190
2014081106,190
2014081107,190
2014081108,190
2014081109,190
2014081110,190
2014081111,190
2014081112,190
2014081113,190
2014081114,190
2014081115,190
2014081116,190
2014081117,190
2014081118,190
2014081119,190
2014081120,190
2014081121,190
2014081122,190
2014081123,190
2014081200,190
2014081201,190
2014081202,190
2014081203,190
2014081204,190
2014081206,190
2014081207,190
2014081208,190
2014081209,190
2014081210,190
2014081211,190
2014081212,190
2014081213,190
2014081214,190
2014081215,190
2014081216,190
2014081217,190
2014081218,190
2014081219,190
2014081220,190
2014081221,190
2014081222,190
2014081223,190
2014081300,190
2014081301,190
2014081302,190
2014081303,190
2014081304,190
2014081305,190
2014081306,190
2014081307,190
2014081308,190
2014081309,190
2014081310,190
2014081311,190
2014081312,190
2014081313,190
2014081314,190
2014081315,190
2014081316,190
2014081317,190
2014081318,190
2014081319,190
2014081320,190
2014081321,190
2014081322,190
2014081323,190
2014081400,190
2014081401,190
2014081402,190
2014081403,190
2014081404,190
2014081405,190
2014081406,190
2014081407,190
2014081408,190
2014081409,190
2014081410,190
2014081411,190
2014081412,190
2014081413,190
2014081414,190
2014081415,190
2014081416,190
2014081417,190
2014081418,190
2014081419,190
2014081420,190
2014081421,190
2014081422,190
2014081423,190
2014081500,190
2014081501,190
2014081502,190
2014081503,190
2014081504,190
2014081505,190
2014081506,190
2014081507,190
2014081508,190
2014081509,190
2014081510,190
2014081511,190
2014081512,190
2014081513,190
2014081514,190
2014081515,190
2014081516,190
2014081517,190
2014081518,190
2014081519,190
2014081521,190
2014081522,190
2014081523,190
2014081600,190
2014081601,190
2014081602,190
2014081603,190
2014081604,190
2014081605,190
2014081606,190
2014081607,190
2014081608,190
2014081609,190
2014081610,190
2014081611,190
2014081612,190
2014081613,190
2014081614,190
2014081615,190
2014081616,190
2014081617,190
2014081618,190
2014081619,190
2014081620,190
2014081621,190
2014081622,190
2014081623,190
2014081700,190
2014081701,190
2014081702,190
2014081703,190
2014081704,190
2014081705,190
2014081706,190
2014081707,190
2014081708,190
2014081709,190
2014081710,190
2014081711,190
2014081713,190
2014081714,190
2014081715,190
2014081716,190
2014081717,190
2014081718,190
2014081719,190
2014081721,190
2014081722,190
2014081723,190
2014081800,190
2014081801,190
2014081802,190
2014081803,190
2014081804,190
2014081805,190
2014081806,190
2014081807,190
2014081808,190
2014081809,190
2014081810,190
2014081811,190
2014081812,190
2014081813,190
2014081814,190
2014081815,190
2014081816,190
2014081817,190
